-- MySQL dump 10.13  Distrib 8.0.27, for Win64 (x86_64)
--
-- Host: 127.0.0.1    Database: football
-- ------------------------------------------------------
-- Server version	8.0.27

/*!40101 SET @OLD_CHARACTER_SET_CLIENT=@@CHARACTER_SET_CLIENT */;
/*!40101 SET @OLD_CHARACTER_SET_RESULTS=@@CHARACTER_SET_RESULTS */;
/*!40101 SET @OLD_COLLATION_CONNECTION=@@COLLATION_CONNECTION */;
/*!50503 SET NAMES utf8 */;
/*!40103 SET @OLD_TIME_ZONE=@@TIME_ZONE */;
/*!40103 SET TIME_ZONE='+00:00' */;
/*!40014 SET @OLD_UNIQUE_CHECKS=@@UNIQUE_CHECKS, UNIQUE_CHECKS=0 */;
/*!40014 SET @OLD_FOREIGN_KEY_CHECKS=@@FOREIGN_KEY_CHECKS, FOREIGN_KEY_CHECKS=0 */;
/*!40101 SET @OLD_SQL_MODE=@@SQL_MODE, SQL_MODE='NO_AUTO_VALUE_ON_ZERO' */;
/*!40111 SET @OLD_SQL_NOTES=@@SQL_NOTES, SQL_NOTES=0 */;

--
-- Table structure for table `field_stats`
--

DROP TABLE IF EXISTS `field_stats`;
/*!40101 SET @saved_cs_client     = @@character_set_client */;
/*!50503 SET character_set_client = utf8mb4 */;
CREATE TABLE `field_stats` (
  `temperature` float NOT NULL,
  `wind_speed` float NOT NULL,
  `precipitation` float NOT NULL,
  `team_opp` char(3) NOT NULL,
  PRIMARY KEY (`team_opp`),
  CONSTRAINT `fk_fieldstat` FOREIGN KEY (`team_opp`) REFERENCES `player` (`team_opp`)
) ENGINE=InnoDB DEFAULT CHARSET=latin1;
/*!40101 SET character_set_client = @saved_cs_client */;

--
-- Dumping data for table `field_stats`
--

LOCK TABLES `field_stats` WRITE;
/*!40000 ALTER TABLE `field_stats` DISABLE KEYS */;
INSERT INTO `field_stats` VALUES (0,0,0,'ARI'),(0,0,0,'ATL'),(39,10,37,'BAL'),(33,20,0.15,'BUF'),(35,20.5,0.5,'CLE'),(0,0,0,'DET'),(0,0,0,'HOU'),(79,6,0,'JAX'),(0,0,0,'LAR'),(0,0,0,'LVR'),(75,16,0.4,'MIA'),(0,0,0,'MIN'),(36,10,0.3,'NYG'),(83,9,0,'TAM');
/*!40000 ALTER TABLE `field_stats` ENABLE KEYS */;
UNLOCK TABLES;

--
-- Table structure for table `k_stats`
--

DROP TABLE IF EXISTS `k_stats`;
/*!40101 SET @saved_cs_client     = @@character_set_client */;
/*!50503 SET character_set_client = utf8mb4 */;
CREATE TABLE `k_stats` (
  `fg_attmpt` int DEFAULT NULL,
  `fg_made` int DEFAULT NULL,
  `ten_attmpt` int DEFAULT NULL,
  `ten_made` int DEFAULT NULL,
  `twenty_attmpt` int DEFAULT NULL,
  `twenty_made` int DEFAULT NULL,
  `thirty_attmpt` int DEFAULT NULL,
  `thirty_made` int DEFAULT NULL,
  `fourty_attmpt` int DEFAULT NULL,
  `fourty_made` int DEFAULT NULL,
  `fifty_attmpt` int DEFAULT NULL,
  `fifty_made` int DEFAULT NULL,
  `identNum` int NOT NULL,
  `ep_made` int DEFAULT NULL,
  `ep_attmpt` int DEFAULT NULL,
  `player_rank` int NOT NULL,
  PRIMARY KEY (`identNum`),
  KEY `fk_player_stats_idx` (`identNum`),
  KEY `fk_player_stats_idx2` (`identNum`),
  CONSTRAINT `fk_player_stats2` FOREIGN KEY (`identNum`) REFERENCES `player_stats` (`identNum`)
) ENGINE=InnoDB DEFAULT CHARSET=latin1;
/*!40101 SET character_set_client = @saved_cs_client */;

--
-- Dumping data for table `k_stats`
--

LOCK TABLES `k_stats` WRITE;
/*!40000 ALTER TABLE `k_stats` DISABLE KEYS */;
INSERT INTO `k_stats` VALUES (43,40,0,0,11,10,12,12,13,12,7,6,500,30,33,1),(39,36,0,0,9,9,11,11,11,11,8,5,501,42,47,2),(40,36,0,0,9,9,9,8,13,11,9,8,502,27,29,3),(37,35,0,0,7,7,9,9,15,13,6,6,503,32,32,3),(34,32,0,0,6,6,15,15,8,7,5,4,504,48,49,4),(38,33,0,0,8,8,12,11,9,7,9,7,505,36,40,5),(33,28,0,0,5,5,8,8,9,6,11,9,506,46,48,6),(37,30,0,0,11,11,11,9,5,3,10,7,507,47,49,6),(33,30,0,0,7,7,10,10,13,10,3,3,508,44,44,7),(34,30,1,1,8,8,6,6,14,13,5,2,509,40,44,8),(32,28,0,0,15,15,8,7,5,4,4,2,510,51,51,9),(35,29,0,0,5,5,16,15,9,7,5,2,511,42,48,10),(28,25,0,0,3,3,11,11,5,4,9,7,512,47,49,10),(30,25,0,0,11,11,8,7,10,7,1,0,513,56,59,11),(34,25,0,0,9,9,13,9,8,4,4,3,514,49,51,12),(31,26,0,0,5,5,12,12,13,8,1,1,515,42,45,13),(31,26,0,0,8,7,6,6,8,8,9,5,516,33,34,14),(29,27,0,0,8,8,9,9,7,6,5,4,517,30,30,15),(33,29,0,0,5,5,13,12,5,5,10,7,518,17,17,16),(30,26,0,0,10,10,5,5,13,11,2,0,519,27,28,17),(31,23,0,0,6,6,9,7,10,8,6,2,520,34,35,20),(23,20,0,0,6,6,4,4,9,7,4,3,521,39,40,19),(23,17,0,0,2,2,11,9,5,3,5,3,522,44,47,20),(22,18,0,0,4,4,7,6,10,8,1,0,523,40,41,21),(25,23,0,0,9,9,5,5,7,5,4,4,524,18,22,22),(22,20,0,0,6,6,1,1,10,10,5,3,525,22,23,23),(21,15,0,0,3,3,4,4,10,4,4,4,526,36,37,24),(24,21,0,0,7,7,7,7,4,3,6,4,527,13,15,25),(19,15,0,0,4,4,5,5,4,2,6,4,528,13,16,26),(18,16,0,0,4,4,9,8,4,4,1,0,529,10,12,27),(14,13,0,0,3,3,6,6,4,4,1,0,530,16,16,28),(19,13,0,0,5,5,6,6,5,2,3,0,531,14,15,29),(14,11,0,0,3,3,4,3,6,5,1,0,532,7,8,30),(12,10,0,0,0,0,4,4,6,5,2,1,533,5,5,31),(10,10,0,0,5,5,3,3,1,1,1,1,534,9,13,31),(8,8,0,0,2,2,2,2,3,3,1,1,535,9,10,32),(7,6,0,0,3,3,2,2,2,1,0,0,536,10,15,33),(5,2,0,0,0,0,1,0,2,2,2,0,537,14,14,34),(5,4,0,0,2,2,2,2,1,0,0,0,538,8,8,35),(5,4,0,0,3,3,1,1,1,0,0,0,539,6,8,36),(5,4,0,0,0,0,4,3,1,1,0,0,540,4,5,37),(3,2,0,0,1,1,0,0,0,0,2,1,541,5,5,38),(5,2,0,0,0,0,0,0,4,1,1,1,542,2,2,39),(3,0,0,0,0,0,0,0,1,0,2,0,543,5,7,40),(1,1,0,0,0,0,1,1,0,0,0,0,544,1,2,41),(0,0,0,0,0,0,0,0,0,0,0,0,545,3,5,42),(1,0,0,0,0,0,0,0,1,0,0,0,546,1,2,43),(0,0,0,0,0,0,0,0,0,0,0,0,547,0,2,44),(1,0,0,0,0,0,0,0,0,0,1,0,548,0,0,45);
/*!40000 ALTER TABLE `k_stats` ENABLE KEYS */;
UNLOCK TABLES;

--
-- Table structure for table `off_stats`
--

DROP TABLE IF EXISTS `off_stats`;
/*!40101 SET @saved_cs_client     = @@character_set_client */;
/*!50503 SET character_set_client = utf8mb4 */;
CREATE TABLE `off_stats` (
  `rushes` int NOT NULL,
  `yards_rush` float NOT NULL,
  `rush_yards` int NOT NULL,
  `targets` int NOT NULL,
  `catches` int NOT NULL,
  `yards_catch` float NOT NULL,
  `catch_yards` int NOT NULL,
  `total_tds` int NOT NULL,
  `rush_tds` int NOT NULL,
  `catch_tds` int NOT NULL,
  `identNum` int NOT NULL,
  `player_rank` int DEFAULT NULL,
  PRIMARY KEY (`identNum`),
  UNIQUE KEY `identNum_UNIQUE` (`identNum`),
  CONSTRAINT `fk_off_stats` FOREIGN KEY (`identNum`) REFERENCES `player_stats` (`identNum`)
) ENGINE=InnoDB DEFAULT CHARSET=latin1;
/*!40101 SET character_set_client = @saved_cs_client */;

--
-- Dumping data for table `off_stats`
--

LOCK TABLES `off_stats` WRITE;
/*!40000 ALTER TABLE `off_stats` DISABLE KEYS */;
INSERT INTO `off_stats` VALUES (332,5.45,1811,51,40,9,360,20,18,2,1,1),(4,4.5,18,191,145,13.43,1947,16,0,16,2,1),(59,6.19,365,121,77,18.25,1405,14,8,6,3,2),(206,4.42,911,94,70,9.24,647,20,12,8,5,2),(1,0,0,153,107,12.72,1361,9,0,9,8,1),(7,3,21,128,81,17.96,1455,13,0,13,9,3),(6,2.33,14,167,108,14.96,1616,10,0,10,10,4),(292,4.13,1205,48,42,7.48,314,16,13,3,11,3),(307,3.91,1200,94,74,6.31,467,10,7,3,14,4),(2,1.5,3,134,92,12.23,1125,10,1,9,15,2),(202,3.72,752,39,37,10.14,375,18,15,3,16,5),(1,10,10,114,74,13.99,1035,14,0,14,17,6),(33,3.06,101,1,1,-4,-4,3,3,0,18,5),(9,10.67,96,159,111,11.16,1239,9,0,9,19,7),(237,4.23,1002,65,47,6.11,287,12,10,2,22,6),(228,5.52,1259,25,20,8.7,174,9,8,1,24,7),(1,6,6,129,75,12.89,967,12,0,12,26,10),(2,4.5,9,107,73,16.1,1175,8,0,8,27,11),(202,4.6,929,21,18,7.33,132,15,15,0,28,8),(5,10.6,53,169,107,10.85,1161,8,0,8,30,12),(240,3.74,898,67,47,9.34,439,9,4,5,32,9),(258,4.02,1037,52,42,7,294,10,7,3,33,10),(180,4.51,812,84,69,6.58,454,10,8,2,34,11),(153,4.04,618,69,52,10.54,548,11,6,5,36,12),(3,6.67,20,94,71,12.82,910,6,0,6,37,4),(3,1,3,128,103,10.08,1038,9,0,9,38,13),(9,8.44,76,120,79,13.95,1102,6,0,6,39,14),(171,4.67,799,65,52,7.52,391,10,4,6,42,13),(219,4.28,937,20,18,8.56,154,10,10,0,44,14),(5,8.8,44,129,88,12.3,1082,6,0,6,45,16),(249,4.65,1159,49,34,6.59,224,6,6,0,46,15),(217,4.02,872,64,54,6.44,348,9,9,0,47,16),(8,6,48,163,93,12.44,1157,4,0,4,51,18),(4,5.25,21,127,98,11.26,1103,6,1,5,52,19),(203,4.52,918,38,28,7.61,213,10,8,2,54,17),(2,1.5,3,140,104,9.76,1015,7,1,6,55,21),(2,10.5,21,134,90,11.52,1037,6,0,6,56,20),(6,5.33,32,140,81,13.02,1055,5,1,4,58,22),(203,4.45,903,53,43,7.35,316,7,4,3,60,18),(7,8.71,61,119,90,10.13,912,6,1,5,61,23),(1,4,4,112,74,10.31,763,5,0,5,62,10),(1,12,12,130,77,13.68,1053,5,0,5,63,24),(1,5,5,146,91,11.08,1008,6,0,6,64,25),(188,4.63,870,50,40,5.7,228,8,7,1,66,19),(1,2,2,95,67,10.84,726,10,0,10,67,27),(1,11,11,103,77,12.75,982,5,0,5,68,28),(225,3.77,849,51,42,7.17,301,7,7,0,69,20),(187,4.29,803,37,34,9.21,313,7,5,2,70,21),(12,10.42,125,70,55,14.55,800,5,0,5,71,29),(144,3.88,558,57,47,9.62,452,8,6,2,72,22),(151,4.09,617,78,62,7.29,452,7,5,2,73,23),(207,4.65,963,20,19,7.21,137,6,5,1,76,24),(60,5.22,313,1,1,-2,-2,1,1,0,86,20),(62,4.81,298,1,1,16,16,2,2,0,93,27),(164,4.68,767,46,31,7.16,222,8,8,0,97,25),(149,4.62,688,40,29,6.07,176,8,5,3,98,26),(173,3.54,612,63,49,4.78,234,7,3,4,100,28),(208,4.06,845,33,21,6.1,128,5,4,1,101,27),(130,5.53,719,46,39,8.64,337,3,2,0,102,29),(2,5,10,105,63,13.79,869,5,0,5,104,32),(147,4.35,639,55,36,9.03,325,4,4,0,105,30),(70,5.34,374,6,4,13,52,5,5,0,106,32),(2,10,20,89,50,16.04,802,6,0,6,107,31),(2,11,22,94,67,12.36,828,5,0,5,108,33),(119,6.29,749,8,6,8,48,6,6,0,110,31),(5,3.4,17,84,56,14.75,826,5,0,5,111,34),(133,4.33,576,42,34,5.59,190,6,5,1,112,32),(172,3.56,612,37,25,6.96,174,6,5,1,113,33),(1,10,10,82,50,13.1,655,7,0,7,114,35),(162,3.66,593,57,41,6.41,263,4,2,2,115,34),(14,6.86,96,105,59,14.58,860,2,0,2,116,36),(145,4.09,593,45,40,6.7,268,3,2,1,120,35),(3,10.67,32,60,40,12.83,513,8,0,8,122,44),(1,9,9,126,83,10.43,866,2,0,2,123,41),(2,5.5,11,61,45,13.38,602,6,0,6,125,42),(133,4.56,606,18,14,8.79,123,5,5,0,126,36),(116,5.1,592,53,43,7.23,311,2,2,0,127,37),(119,4.34,517,23,19,6.79,129,6,4,2,128,38),(5,10.8,54,77,43,12.51,538,6,1,5,130,46),(138,3.64,503,58,44,5.89,259,4,3,1,131,39),(134,3.66,491,39,32,7.13,228,4,3,1,132,40),(119,4.21,501,13,10,7.5,75,6,6,0,133,42),(153,3.93,601,28,26,6.04,157,3,3,0,134,41),(8,5.75,46,69,45,12.36,556,5,1,4,137,48),(99,4.46,442,41,37,9.27,343,2,1,1,140,44),(137,5.5,754,34,26,6.08,158,0,0,0,141,43),(68,4.28,291,50,33,7.67,253,6,5,1,142,45),(2,15.5,31,72,42,14.9,626,4,0,4,143,50),(78,4.95,386,27,22,7.91,174,5,5,0,145,46),(3,12,36,110,53,9.79,519,5,0,5,146,51),(87,4.29,373,16,13,6.38,83,7,7,0,149,47),(2,7,14,82,44,12.2,537,5,0,5,150,52),(133,4.26,566,11,9,13.67,123,3,3,0,151,49),(100,5.34,534,25,19,7.21,137,3,3,0,152,48),(48,4.42,212,53,43,9.23,397,4,2,2,153,50),(4,7,28,71,48,12,576,4,0,4,158,54),(44,5.14,226,49,41,9.88,405,3,1,2,159,51),(61,3.9,238,55,34,10.94,372,4,2,2,161,52),(8,5.75,46,83,59,11.75,693,2,0,2,162,55),(160,3.46,554,35,27,6,162,2,2,0,163,54),(96,3.59,345,32,23,8.57,197,5,4,1,164,53),(6,6.67,40,87,52,10.96,570,4,2,2,166,56),(1,6,6,62,42,12.98,545,4,0,4,167,57),(122,3.5,427,32,25,7.44,186,3,3,0,168,55),(5,8.2,41,59,36,15.83,570,3,0,3,173,59),(7,5.71,40,65,46,9.37,431,5,2,2,175,61),(1,0,0,59,34,16.79,571,3,0,3,176,62),(63,4.03,254,40,30,9.7,291,3,2,1,177,57),(56,4.93,276,57,40,7.75,310,3,2,1,178,56),(1,3,3,62,43,15.05,647,1,0,1,179,63),(1,1,1,53,36,13.19,475,4,0,4,181,20),(3,6.67,20,63,48,9.96,478,4,0,4,183,21),(101,4.24,428,13,10,6.4,64,4,4,0,185,58),(3,3.67,11,64,37,12.78,473,3,0,3,186,66),(1,1,1,39,28,13.39,375,5,0,5,187,68),(7,4.86,34,48,31,14.45,448,3,0,3,188,67),(103,4.2,433,16,14,6.86,96,2,2,0,189,59),(68,5.35,364,25,22,8.09,178,2,2,0,191,60),(11,3.73,41,100,63,9.83,619,0,0,0,193,69),(10,8.9,89,44,24,12.33,296,4,0,3,194,71),(5,6.4,32,40,25,13.72,343,4,0,4,195,72),(86,4.72,406,5,2,9.5,19,3,3,0,196,61),(1,0,0,93,60,10.2,612,0,0,0,197,22),(3,5.33,16,36,24,19.54,469,2,0,2,198,74),(108,3.81,411,10,9,9.67,87,2,2,0,200,62),(1,6,6,49,33,10.7,353,4,0,4,201,75),(2,1.5,3,70,47,11.62,546,1,0,1,203,76),(1,2,2,53,31,13.1,406,3,0,3,204,77),(1,-3,-3,73,46,8.87,408,3,0,3,207,23),(2,10.5,21,69,38,10.11,384,3,0,3,209,82),(1,4,4,34,20,22.7,454,2,0,2,211,83),(55,4.47,246,31,27,7.26,196,2,1,1,212,63),(71,4.65,330,5,4,10.25,41,3,3,0,215,64),(18,4.22,76,64,54,8.06,435,1,0,1,216,85),(56,6.25,350,26,19,4.58,87,2,2,0,218,65),(51,3.25,166,53,38,7.61,289,1,0,1,220,66),(7,15.86,111,39,24,9.54,229,3,1,1,221,87),(10,5.3,53,1,1,1,1,2,2,0,227,42),(7,7.14,50,47,33,8.24,272,3,0,2,229,92),(67,3.4,228,42,32,7.03,225,1,0,1,231,67),(51,5.02,256,9,8,13.13,105,2,2,0,235,68),(2,1.5,3,56,38,12.29,467,0,0,0,236,96),(21,8.43,177,20,16,10.06,161,2,1,0,238,70),(41,3.8,156,38,28,8.57,240,1,0,1,240,71),(68,3.91,266,11,10,7.3,73,2,2,0,241,69),(10,3.2,32,57,33,9.06,299,2,0,2,244,98),(40,4.1,164,23,16,6.44,103,3,2,1,245,72),(79,3.72,294,8,7,4.43,31,2,2,0,246,73),(8,2.75,22,38,30,9.87,296,2,1,1,247,74),(1,3,3,37,22,14.68,323,2,0,2,250,103),(1,-13,-13,58,26,13.04,339,2,0,2,252,104),(3,2,6,57,39,10.77,420,0,0,0,253,102),(54,4.3,232,6,6,4.83,29,3,3,0,255,75),(1,-9,-9,53,36,10.17,366,1,0,1,256,106),(2,6.5,13,44,24,11.88,285,2,0,2,257,105),(84,4.24,356,16,11,4.45,49,0,0,0,260,77),(88,2.83,249,5,4,11.25,45,2,1,1,261,76),(55,3.85,212,13,10,6.7,67,2,2,0,263,78),(33,4.18,138,23,21,6.33,133,2,2,0,267,79),(3,10.67,32,22,13,13.31,173,3,0,2,268,110),(9,4.44,40,45,28,10.5,294,1,0,1,271,34),(2,-0.5,-1,40,20,15.65,313,1,0,1,278,112),(43,3.19,137,21,13,8.77,114,2,1,1,281,80),(8,7.25,58,29,23,5.35,123,3,0,3,282,81),(26,4.81,125,9,7,10.29,72,3,1,2,283,82),(2,1.5,3,41,34,10.5,357,0,0,0,286,43),(17,4.53,77,17,15,10.07,151,2,0,2,289,83),(1,14,14,12,10,21.2,212,2,0,2,290,117),(1,9,9,43,30,10.03,301,1,0,1,293,115),(72,3.51,253,21,12,5.42,65,1,1,0,296,84),(1,7,7,23,15,14.07,211,2,0,2,299,119),(39,2.59,101,7,5,6,30,3,2,1,300,85),(7,3.43,24,21,18,10.06,181,2,0,2,301,88),(9,5.22,47,26,20,8.9,178,2,1,1,302,122),(3,3.67,11,35,20,9,180,2,1,1,303,48),(36,5,180,8,4,6.5,26,2,2,0,305,87),(35,5.29,185,12,9,9.33,84,1,1,0,306,86),(1,16,16,20,11,20.36,224,1,0,1,311,124),(5,6.6,33,17,11,12,132,3,0,2,313,125),(55,4.18,230,8,7,7.43,52,0,0,0,316,89),(54,2.76,149,19,12,9.75,117,0,0,0,318,91),(3,7,21,37,24,8.88,213,1,0,1,319,128),(16,4.25,68,29,23,6.83,157,1,1,0,321,92),(2,7.5,15,66,39,7.1,277,0,0,0,322,130),(24,4.13,99,13,9,3.33,30,2,1,1,323,90),(56,3.02,169,16,10,7.7,77,0,0,0,325,94),(41,4.07,167,4,3,8.67,26,1,1,0,326,93),(33,4.24,140,7,6,4.83,29,1,0,1,335,95),(12,5.17,62,20,13,8.23,107,1,0,1,337,96),(38,2.58,98,4,4,2,8,2,2,0,338,97),(6,6.5,39,23,10,13.5,135,1,0,1,339,133),(4,4.25,17,39,25,8.52,213,0,0,0,341,135),(34,3.47,118,7,6,7,42,1,1,0,342,98),(15,4.93,74,5,4,5.75,23,2,2,0,345,99),(1,-3,-3,18,11,15.18,167,1,0,1,346,136),(1,1,1,18,12,7,84,2,1,1,347,59),(33,3.79,125,5,3,3.33,10,1,1,0,350,101),(18,6.56,118,10,7,8.57,60,1,1,0,352,100),(3,3,9,28,15,8.6,129,1,1,0,354,139),(13,4.69,61,5,4,2.25,9,2,0,0,355,103),(10,3.8,38,14,12,7.83,94,1,1,0,358,102),(1,3,3,33,24,8.92,214,0,0,0,359,63),(4,14.75,59,20,10,6.4,64,1,0,1,361,141),(54,2.63,142,8,5,5.8,29,0,0,0,368,104),(26,3.88,101,3,2,4.5,9,1,1,0,369,105),(17,4.65,79,6,4,7,28,1,1,0,370,106),(1,-4,-4,25,12,13.75,165,0,0,0,371,146),(7,4.86,34,18,17,7.35,125,0,0,0,372,107),(2,-1,-2,19,9,17.78,160,0,0,0,374,147),(21,5,105,6,4,3,12,1,1,0,376,108),(2,0.5,1,12,10,8.5,85,1,0,1,379,110),(36,2.42,87,2,1,-1,-1,1,1,0,382,111),(19,1.95,37,4,4,2,8,2,2,0,384,112),(23,3.87,89,2,2,1.5,3,1,1,0,385,109),(2,21.5,43,9,5,7.6,38,1,1,0,388,151),(15,2.93,44,26,16,5.94,95,0,0,0,389,152),(28,3.71,104,3,1,21,21,0,0,0,391,114),(2,2,4,13,8,7.88,63,1,0,1,395,113),(1,1,1,23,6,11.33,68,1,0,1,398,155),(8,3.25,26,3,3,10.33,31,1,1,0,399,116),(33,3.09,102,6,5,7.6,38,0,0,0,403,115),(1,0,0,14,7,15.71,110,0,0,0,406,159),(28,3.61,101,5,2,4,8,0,0,0,412,119),(9,4.44,40,14,12,6,72,0,0,0,413,117),(1,-1,-1,17,8,14.13,113,0,0,0,416,157),(36,2.72,98,4,2,6.5,13,0,0,0,417,118),(3,4.67,14,17,9,10.89,98,0,0,0,418,158),(15,5.33,80,4,3,5.33,16,0,0,0,419,121),(4,2.5,10,13,9,9.67,87,0,0,0,420,79),(3,7.67,23,7,4,4,16,1,0,1,422,120),(1,-3,-3,11,6,17.33,104,0,0,0,427,164),(2,7.5,15,5,2,7.5,15,1,0,1,430,167),(2,0,0,4,3,3,9,1,1,0,434,124),(9,3.44,31,10,9,6.22,56,0,0,0,437,125),(5,4.2,21,1,1,1,1,1,0,1,439,126),(1,7,7,16,6,11.83,71,0,0,0,446,170),(3,6.33,19,2,1,35,35,1,0,0,449,172),(3,1.67,5,2,2,3.5,7,1,0,1,450,127),(9,3.67,33,4,3,11.33,34,0,0,0,451,128),(1,6,6,6,4,12.75,51,0,0,0,453,178),(4,8.75,35,2,2,11,22,0,0,0,454,130),(1,1,1,14,9,9.22,83,0,0,0,459,175),(1,11,11,8,4,11.25,45,0,0,0,462,180),(15,3.4,51,2,1,4,4,0,0,0,464,131),(1,11,11,12,6,7.17,43,0,0,0,465,182),(5,5,25,5,4,5.5,22,0,0,0,469,134),(12,3,36,7,2,4,8,0,0,0,474,135),(1,3,3,11,4,8.25,33,0,0,0,476,193),(1,24,24,3,3,5,15,0,0,0,478,187),(1,9,9,3,2,15.5,31,0,0,0,484,186),(4,2.75,11,9,6,4.5,27,0,0,0,485,188),(3,1,3,5,3,7.67,23,0,0,0,495,140),(10,2.4,24,2,1,5,5,0,0,0,498,138),(3,2.67,8,3,3,5.67,17,0,0,0,503,141),(4,4,16,2,2,6,12,0,0,0,509,139),(1,4,4,2,2,6,12,0,0,0,515,149),(2,3.5,7,2,2,5.5,11,0,0,0,519,148),(1,4,4,3,3,5.67,17,0,0,0,524,144),(6,2.17,13,3,2,4.5,9,0,0,0,527,143),(3,1.67,5,3,3,5.33,16,0,0,0,528,145),(1,9,9,2,2,3,6,0,0,0,529,151),(5,1.8,9,4,3,4.67,14,0,0,0,530,142),(1,1,1,3,3,5,15,0,0,0,535,150),(5,0.6,3,3,3,3.33,10,0,0,0,537,153),(1,4,4,1,1,6,6,0,0,0,541,158),(3,1,3,1,1,11,11,0,0,0,557,152),(1,3,3,4,2,5.5,11,0,0,0,560,212),(1,4,4,1,1,4,4,0,0,0,562,159),(1,-3,-3,1,1,7,7,0,0,0,636,163),(3,2,6,2,2,2,4,0,0,0,662,178);
/*!40000 ALTER TABLE `off_stats` ENABLE KEYS */;
UNLOCK TABLES;

--
-- Table structure for table `opponent`
--

DROP TABLE IF EXISTS `opponent`;
/*!40101 SET @saved_cs_client     = @@character_set_client */;
/*!50503 SET character_set_client = utf8mb4 */;
CREATE TABLE `opponent` (
  `team_agnst_QB` float NOT NULL,
  `team_agnst_RB` float NOT NULL,
  `team_agnst_WR` float NOT NULL,
  `team_agnst_TE` float NOT NULL,
  `team_agnst_K` float NOT NULL,
  `team_opp` char(3) NOT NULL,
  PRIMARY KEY (`team_opp`),
  CONSTRAINT `fk_opponent` FOREIGN KEY (`team_opp`) REFERENCES `player` (`team_opp`)
) ENGINE=InnoDB DEFAULT CHARSET=latin1;
/*!40101 SET character_set_client = @saved_cs_client */;

--
-- Dumping data for table `opponent`
--

LOCK TABLES `opponent` WRITE;
/*!40000 ALTER TABLE `opponent` DISABLE KEYS */;
INSERT INTO `opponent` VALUES (11,9,30,3,10,'ARI'),(31,24,28,12,15,'ATL'),(28,8,29,30,8,'BAL'),(1,6,1,2,2,'BUF'),(10,5,6,11,22,'CAR'),(19,13,14,6,23,'CHI'),(13,21,16,27,9,'CIN'),(9,14,7,17,14,'CLE'),(7,4,15,21,16,'DAL'),(4,11,9,4,11,'DEN'),(26,29,20,23,32,'DET'),(23,10,18,22,6,'GNB'),(22,28,24,24,21,'HOU'),(21,3,21,29,4,'IND'),(25,19,25,14,28,'JAX'),(30,20,22,16,3,'KAN'),(16,26,4,31,29,'LAC'),(3,7,26,15,20,'LAR'),(17,30,5,28,24,'LVR'),(6,17,11,19,25,'MIA'),(27,22,32,9,30,'MIN'),(5,1,17,8,18,'NOR'),(8,27,12,13,27,'NYG'),(29,32,13,26,31,'NYJ'),(15,23,2,32,7,'PHI'),(12,25,8,10,26,'PIT'),(14,31,10,25,13,'SEA'),(20,12,23,7,5,'SFO'),(18,15,19,18,12,'TAM'),(24,2,31,5,17,'TEN');
/*!40000 ALTER TABLE `opponent` ENABLE KEYS */;
UNLOCK TABLES;

--
-- Table structure for table `player`
--

DROP TABLE IF EXISTS `player`;
/*!40101 SET @saved_cs_client     = @@character_set_client */;
/*!50503 SET character_set_client = utf8mb4 */;
CREATE TABLE `player` (
  `identNum` int NOT NULL,
  `name` char(36) NOT NULL,
  `position` char(3) NOT NULL,
  `team` char(3) NOT NULL,
  `team_opp` char(3) NOT NULL,
  PRIMARY KEY (`team_opp`,`team`,`identNum`),
  UNIQUE KEY `identNum_UNIQUE` (`identNum`),
  KEY `fk_team_idx` (`team`)
) ENGINE=InnoDB DEFAULT CHARSET=latin1;
/*!40101 SET character_set_client = @saved_cs_client */;

--
-- Dumping data for table `player`
--

LOCK TABLES `player` WRITE;
/*!40000 ALTER TABLE `player` DISABLE KEYS */;
INSERT INTO `player` VALUES (62,'Ertz, Zach','TE','2TM',''),(163,'Ingram, Mark','RB','2TM',''),(211,'Jackson, DeSean','WR','2TM',''),(220,'Abdullah, Ameer','RB','2TM',''),(223,'Reynolds, Josh','WR','2TM',''),(239,'Johnson, Josh','QB','2TM',''),(258,'Arnold, Dan','TE','2TM',''),(261,'Lindsay, Phillip','RB','2TM',''),(300,'Bell, Le\'Veon','RB','2TM',''),(313,'Grant, Jakeem','WR','2TM',''),(325,'Freeman, Royce','RB','2TM',''),(338,'Peterson, Adrian','RB','2TM',''),(391,'Gallman, Wayne','RB','2TM',''),(436,'Miller, Anthony','WR','2TM',''),(439,'Armah, Alex','RB','2TM',''),(449,'Roberts, Andre','WR','2TM',''),(479,'Fells, Darren','TE','2TM',''),(486,'Snead, Willie','WR','2TM',''),(521,'Johnson, Tyron','WR','2TM',''),(559,'Mickens, Jaydon','WR','2TM',''),(588,'Brown, John','','2TM',''),(633,'Moore, David','','2TM',''),(636,'Ozigbo, Devine','RB','2TM',''),(653,'Travis, Ross','','2TM',''),(655,'Warring, Kahale','','2TM',''),(660,'Wilkins, Jordan','','2TM',''),(669,'Cannon, Trenton','RB','2TM',''),(406,'Dorsett, Phillip','WR','3TM',''),(566,'Sargent, Mekhi','RB','3TM',''),(26,'Metcalf, D.K.','WR','SEA','ARI'),(27,'Lockett, Tyler','WR','SEA','ARI'),(81,'Wilson, Russell','QB','SEA','ARI'),(110,'Penny, Rashaad','RB','SEA','ARI'),(183,'Everett, Gerald','TE','SEA','ARI'),(195,'Swain, Freddie','WR','SEA','ARI'),(200,'Collins, Alex','RB','SEA','ARI'),(219,'Smith, Geno','QB','SEA','ARI'),(238,'Homer, Travis','RB','SEA','ARI'),(255,'Carson, Chris','RB','SEA','ARI'),(267,'Dallas, DeeJay','RB','SEA','ARI'),(312,'Dissly, Will','TE','SEA','ARI'),(361,'Eskridge, D\'Wayne','WR','SEA','ARI'),(458,'Hart, Penny','WR','SEA','ARI'),(504,'Parkinson, Colby','TE','SEA','ARI'),(583,'Bellore, Nick','RB','SEA','ARI'),(628,'Mabry, Tyler','','SEA','ARI'),(651,'Thompson, Cody','','SEA','ARI'),(32,'Kamara, Alvin','RB','NOR','ATL'),(106,'Hill, Taysom','QB','NOR','ATL'),(109,'Winston, Jameis','QB','NOR','ATL'),(118,'Callaway, Marquez','WR','NOR','ATL'),(144,'Siemian, Trevor','QB','NOR','ATL'),(173,'Harris, Deonte','WR','NOR','ATL'),(213,'Smith, Tre\'Quan','WR','NOR','ATL'),(264,'Johnson, Juwan','TE','NOR','ATL'),(280,'Humphrey, Lil\'Jordan','WR','NOR','ATL'),(288,'Trautman, Adam','TE','NOR','ATL'),(357,'Vannett, Nick','TE','NOR','ATL'),(368,'Jones, Tony','RB','NOR','ATL'),(389,'Montgomery, Ty','WR','NOR','ATL'),(398,'Stills, Kenny','WR','NOR','ATL'),(425,'Hogan, Chris','WR','NOR','ATL'),(480,'Griffin, Garrett','TE','NOR','ATL'),(489,'White, Kevin','WR','NOR','ATL'),(509,'Washington, Dwayne','RB','NOR','ATL'),(516,'Book, Ian','QB','NOR','ATL'),(528,'Prentice, Adam','RB','NOR','ATL'),(571,'Winston, Easop','WR','NOR','ATL'),(572,'Wolf, Ethan','TE','NOR','ATL'),(14,'Harris, Najee','RB','PIT','BAL'),(30,'Johnson, Diontae','WR','PIT','BAL'),(87,'Roethlisberger, Ben','QB','PIT','BAL'),(116,'Claypool, Chase','WR','PIT','BAL'),(135,'Freiermuth, Pat','TE','PIT','BAL'),(257,'Washington, James','WR','PIT','BAL'),(322,'McCloud, Ray-Ray','WR','PIT','BAL'),(347,'Ebron, Eric','TE','PIT','BAL'),(354,'Smith-Schuster, JuJu','WR','PIT','BAL'),(363,'Rudolph, Mason','QB','PIT','BAL'),(367,'Gentry, Zach','TE','PIT','BAL'),(417,'Snell, Benny','RB','PIT','BAL'),(474,'Ballage, Kalen','RB','PIT','BAL'),(510,'White, Cody','WR','PIT','BAL'),(535,'Watt, Derek','RB','PIT','BAL'),(557,'McFarland, Anthony','RB','PIT','BAL'),(564,'Rader, Kevin','TE','PIT','BAL'),(604,'Edmunds, Trey','','PIT','BAL'),(643,'Sims, Steven','','PIT','BAL'),(96,'Wilson, Zach','QB','NYJ','BUF'),(105,'Carter, Michael','RB','NYJ','BUF'),(130,'Moore, Elijah','WR','NYJ','BUF'),(161,'Johnson, Ty','RB','NYJ','BUF'),(175,'Berrios, Braxton','WR','NYJ','BUF'),(182,'Davis, Corey','WR','NYJ','BUF'),(202,'Crowder, Jamison','WR','NYJ','BUF'),(224,'Cole, Keelan','WR','NYJ','BUF'),(249,'White, Mike','QB','NYJ','BUF'),(260,'Coleman, Tevin','RB','NYJ','BUF'),(274,'Griffin, Ryan','TE','NYJ','BUF'),(329,'Flacco, Joe','QB','NYJ','BUF'),(336,'Kroft, Tyler','TE','NYJ','BUF'),(369,'Walter, Austin','RB','NYJ','BUF'),(394,'Mims, Denzel','WR','NYJ','BUF'),(416,'Smith, Jeff','WR','NYJ','BUF'),(483,'Montgomery, D.J.','WR','NYJ','BUF'),(488,'Wesco, Trevon','TE','NYJ','BUF'),(491,'Yeboah, Kenny','TE','NYJ','BUF'),(493,'Brown, Daniel','WR','NYJ','BUF'),(505,'Perine, La\'Mical','RB','NYJ','BUF'),(513,'Bawden, Nick','RB','NYJ','BUF'),(538,'Black, Tarik','WR','NYJ','BUF'),(573,'Adams, Josh','','NYJ','BUF'),(612,'Hardee, Justin','','NYJ','BUF'),(646,'Smith, Vyncint','','NYJ','BUF'),(7,'Brady, Tom','QB','TAM','CAR'),(17,'Evans, Mike','WR','TAM','CAR'),(34,'Fournette, Leonard','RB','TAM','CAR'),(48,'Gronkowski, Rob','TE','TAM','CAR'),(52,'Godwin, Chris','WR','TAM','CAR'),(167,'Brown, Antonio','WR','TAM','CAR'),(185,'Jones, Ronald','RB','TAM','CAR'),(230,'Brate, Cameron','TE','TAM','CAR'),(282,'Bernard, Giovani','RB','TAM','CAR'),(284,'Johnson, Tyler','WR','TAM','CAR'),(290,'Grayson, Cyril','WR','TAM','CAR'),(305,'Vaughn, Ke\'Shawn','RB','TAM','CAR'),(346,'Perriman, Breshad','WR','TAM','CAR'),(351,'Howard, O.J.','TE','TAM','CAR'),(388,'Miller, Scott','WR','TAM','CAR'),(465,'Darden, Jaelon','WR','TAM','CAR'),(520,'Gabbert, Blaine','QB','TAM','CAR'),(581,'Barner, Kenjon','RB','TAM','CAR'),(589,'Brown, John','','TAM','CAR'),(631,'McElroy, Codey','','TAM','CAR'),(656,'Watson, Justin','','TAM','CAR'),(661,'Yelder, Deon','TE','TAM','CAR'),(10,'Jefferson, Justin','WR','MIN','CHI'),(41,'Cousins, Kirk','QB','MIN','CHI'),(46,'Cook, Dalvin','RB','MIN','CHI'),(67,'Thielen, Adam','WR','MIN','CHI'),(114,'Osborn, K.J.','WR','MIN','CHI'),(132,'Mattison, Alexander','RB','MIN','CHI'),(172,'Conklin, Tyler','TE','MIN','CHI'),(332,'Smith-Marsette, Ihmir','WR','MIN','CHI'),(355,'Nwangwu, Kene','RB','MIN','CHI'),(372,'Ham, C.J.','RB','MIN','CHI'),(393,'Mannion, Sean','QB','MIN','CHI'),(424,'Herndon, Chris','TE','MIN','CHI'),(452,'Westbrook, Dede','WR','MIN','CHI'),(568,'Stocker, Luke','TE','MIN','CHI'),(580,'Bargas, Jake','','MIN','CHI'),(593,'Chisena, Dan','','MIN','CHI'),(602,'Dillon, Brandon','','MIN','CHI'),(605,'Ellefson, Ben','','MIN','CHI'),(632,'Mond, Kellen','QB','MIN','CHI'),(24,'Chubb, Nick','RB','CLE','CIN'),(91,'Mayfield, Baker','QB','CLE','CIN'),(145,'Hunt, Kareem','RB','CLE','CIN'),(152,'Johnson, D\'Ernest','RB','CLE','CIN'),(166,'Landry, Jarvis','WR','CLE','CIN'),(174,'Peoples-Jones, Donovan','WR','CLE','CIN'),(181,'Njoku, David','TE','CLE','CIN'),(214,'Hooper, Austin','TE','CLE','CIN'),(259,'Bryant, Harrison','TE','CLE','CIN'),(295,'Higgins, Rashard','WR','CLE','CIN'),(301,'Felton, Demetric','RB','CLE','CIN'),(314,'Keenum, Case','QB','CLE','CIN'),(339,'Schwartz, Anthony','WR','CLE','CIN'),(426,'Mullens, Nick','QB','CLE','CIN'),(434,'Janovich, Andy','RB','CLE','CIN'),(450,'Stanton, Johnny','RB','CLE','CIN'),(455,'Bradley, Ja\'Marcus','WR','CLE','CIN'),(554,'Kelly, John','RB','CLE','CIN'),(591,'Cager, Lawrence','','CLE','CIN'),(592,'Carlson, Stephen','','CLE','CIN'),(601,'Davis, Connor','','CLE','CIN'),(634,'Natson, Jojo','','CLE','CIN'),(9,'Chase, Ja\'Marr','WR','CIN','CLE'),(11,'Mixon, Joe','RB','CIN','CLE'),(29,'Burrow, Joe','QB','CIN','CLE'),(49,'Higgins, Tee','WR','CIN','CLE'),(108,'Boyd, Tyler','WR','CIN','CLE'),(169,'Uzomah, C.J.','TE','CIN','CLE'),(212,'Perine, Samaje','RB','CIN','CLE'),(289,'Evans, Chris','RB','CIN','CLE'),(386,'Allen, Brandon','QB','CIN','CLE'),(429,'Tate, Auden','WR','CIN','CLE'),(444,'Sample, Drew','TE','CIN','CLE'),(464,'Williams, Trayveon','RB','CIN','CLE'),(471,'Thomas, Mike','WR','CIN','CLE'),(487,'Taylor, Trent','WR','CIN','CLE'),(501,'Irwin, Trenton','WR','CIN','CLE'),(536,'Wilcox, Mitchell','TE','CIN','CLE'),(560,'Morgan, Stanley','WR','CIN','CLE'),(613,'Harris, Clark','','CIN','CLE'),(642,'Schreck, Mason','','CIN','CLE'),(31,'Hurts, Jalen','QB','PHI','DAL'),(57,'Goedert, Dallas','TE','PHI','DAL'),(103,'Smith, DeVonta','WR','PHI','DAL'),(141,'Sanders, Miles','RB','PHI','DAL'),(142,'Gainwell, Kenneth','RB','PHI','DAL'),(149,'Scott, Boston','RB','PHI','DAL'),(179,'Watkins, Quez','WR','PHI','DAL'),(196,'Howard, Jordan','RB','PHI','DAL'),(244,'Reagor, Jalen','WR','PHI','DAL'),(297,'Minshew, Gardner','QB','PHI','DAL'),(317,'Ward, Greg','WR','PHI','DAL'),(441,'Jackson, Tyree','TE','PHI','DAL'),(467,'Huntley, Jason','RB','PHI','DAL'),(473,'Arcega-Whiteside, JJ','WR','PHI','DAL'),(532,'Stoll, Jack','TE','PHI','DAL'),(565,'Rodgers, Richard','TE','PHI','DAL'),(618,'Hightower, John','','PHI','DAL'),(625,'Johnson, KeeSean','','PHI','DAL'),(652,'Togiai, Noah','','PHI','DAL'),(13,'Mahomes, Patrick','QB','KAN','DEN'),(15,'Kelce, Travis','TE','KAN','DEN'),(19,'Hill, Tyreek','WR','KAN','DEN'),(72,'Williams, Darrel','RB','KAN','DEN'),(128,'Edwards-Helaire, Clyde','RB','KAN','DEN'),(154,'Pringle, Byron','WR','KAN','DEN'),(162,'Hardman, Mecole','WR','KAN','DEN'),(235,'Gore, Derrick','RB','KAN','DEN'),(248,'Robinson, Demarcus','WR','KAN','DEN'),(337,'McKinnon, Jerick','RB','KAN','DEN'),(366,'Fortson, Joe','TE','KAN','DEN'),(399,'Burton, Michael','RB','KAN','DEN'),(420,'Bell, Blake','TE','KAN','DEN'),(423,'Gray, Noah','TE','KAN','DEN'),(431,'Gordon, Josh','WR','KAN','DEN'),(496,'Henne, Chad','QB','KAN','DEN'),(522,'Kemp, Marcus','WR','KAN','DEN'),(608,'Fountain, Daurice','','KAN','DEN'),(12,'Adams, Davante','WR','GNB','DET'),(18,'Rodgers, Aaron','QB','GNB','DET'),(42,'Jones, Aaron','RB','GNB','DET'),(70,'Dillon, AJ','RB','GNB','DET'),(122,'Lazard, Allen','WR','GNB','DET'),(187,'Cobb, Randall','WR','GNB','DET'),(199,'Valdes-Scantling, Marquez','WR','GNB','DET'),(277,'Deguara, Josiah','TE','GNB','DET'),(307,'Tonyan, Robert','TE','GNB','DET'),(348,'Lewis, Marcedes','TE','GNB','DET'),(349,'Love, Jordan','QB','GNB','DET'),(385,'Taylor, Patrick','RB','GNB','DET'),(418,'St., Equanimeous','WR','GNB','DET'),(462,'Rodgers, Amari','WR','GNB','DET'),(477,'Davis, Tyler','TE','GNB','DET'),(490,'Winfree, Juwann','WR','GNB','DET'),(494,'Dafney, Dominique','TE','GNB','DET'),(498,'Hill, Kylin','RB','GNB','DET'),(584,'Benkert, Kurt','QB','GNB','DET'),(666,'Taylor, Malik','WR','GNB','DET'),(61,'St., Amon-Ra','WR','DET','GNB'),(73,'Swift, D\'Andre','RB','DET','GNB'),(90,'Goff, Jared','QB','DET','GNB'),(134,'Williams, Jamaal','RB','DET','GNB'),(157,'Hockenson, T.J.','TE','DET','GNB'),(158,'Raymond, Kalif','WR','DET','GNB'),(294,'Cephus, Quintez','WR','DET','GNB'),(316,'Reynolds, Craig','RB','DET','GNB'),(328,'Boyle, Tim','QB','DET','GNB'),(333,'Wright, Brock','TE','DET','GNB'),(345,'Jefferson, Jermar','RB','DET','GNB'),(352,'Igwebuike, Godwin','RB','DET','GNB'),(362,'Hodge, KhaDarel','WR','DET','GNB'),(404,'Kennedy, Tom','WR','DET','GNB'),(421,'Benson, Trinity','WR','DET','GNB'),(422,'Cabinda, Jason','RB','DET','GNB'),(512,'Zylstra, Shane','TE','DET','GNB'),(539,'Blough, David','QB','DET','GNB'),(570,'Williams, Tyrell','WR','DET','GNB'),(575,'Allison, Geronimo','','DET','GNB'),(585,'Berry, Rashod','','DET','GNB'),(44,'Henry, Derrick','RB','TEN','HOU'),(77,'Carter, Tory','','TEN','HOU'),(78,'Tannehill, Ryan','QB','TEN','HOU'),(104,'Brown, A.J.','WR','TEN','HOU'),(151,'Foreman, D\'Onta','RB','TEN','HOU'),(184,'Westbrook-Ikhine, Nick','WR','TEN','HOU'),(218,'Hilliard, Dontrell','RB','TEN','HOU'),(232,'Jones, Julio','WR','TEN','HOU'),(240,'McNichols, Jeremy','RB','TEN','HOU'),(243,'Firkser, Anthony','TE','TEN','HOU'),(272,'Swaim, Geoff','TE','TEN','HOU'),(292,'Pruitt, MyCole','TE','TEN','HOU'),(293,'Rogers, Chester','WR','TEN','HOU'),(374,'Johnson, Marcus','WR','TEN','HOU'),(408,'Fitzpatrick, Dez','WR','TEN','HOU'),(430,'Batson, Cameron','WR','TEN','HOU'),(499,'Hollister, Cody','WR','TEN','HOU'),(500,'Hudson, Tommy','TE','TEN','HOU'),(519,'Evans, Darrynton','RB','TEN','HOU'),(620,'Hogan, Kevin','','TEN','HOU'),(623,'Izzo, Ryan','','TEN','HOU'),(662,'Blasingame, Khari','RB','TEN','HOU'),(665,'McMath, Racey','WR','TEN','HOU'),(667,'Woodside, Logan','QB','TEN','HOU'),(89,'Lawrence, Trevor','QB','JAX','IND'),(97,'Robinson, James','RB','JAX','IND'),(117,'Jones, Marvin','WR','JAX','IND'),(193,'Shenault, Laviska','WR','JAX','IND'),(221,'Agnew, Jamal','WR','JAX','IND'),(234,'Treadwell, Laquon','WR','JAX','IND'),(281,'Ogunbowale, Dare','RB','JAX','IND'),(296,'Hyde, Carlos','RB','JAX','IND'),(319,'Austin, Tavon','WR','JAX','IND'),(320,'Chark, DJ','WR','JAX','IND'),(324,'O\'Shaughnessy, James','TE','JAX','IND'),(392,'Manhertz, Chris','TE','JAX','IND'),(400,'Hollister, Jacob','TE','JAX','IND'),(419,'Armstead, Ryquell','RB','JAX','IND'),(457,'Farrell, Luke','TE','JAX','IND'),(514,'Beathard, C.J.','QB','JAX','IND'),(596,'Cottrell, Nathan','RB','JAX','IND'),(645,'Smith, Devin','','JAX','IND'),(1,'Taylor, Jonathan','RB','IND','JAX'),(45,'Pittman, Michael','WR','IND','JAX'),(79,'Wentz, Carson','QB','IND','JAX'),(178,'Hines, Nyheim','RB','IND','JAX'),(209,'Pascal, Zach','WR','IND','JAX'),(210,'Alie-Cox, Mo','TE','IND','JAX'),(226,'Hilton, T.Y.','WR','IND','JAX'),(228,'Doyle, Jack','TE','IND','JAX'),(268,'Dulin, Ashton','WR','IND','JAX'),(343,'Campbell, Parris','WR','IND','JAX'),(410,'Granson, Kylen','TE','IND','JAX'),(412,'Mack, Marlon','RB','IND','JAX'),(433,'Jackson, Deon','RB','IND','JAX'),(443,'Patmon, Dezmon','WR','IND','JAX'),(508,'Strachan, Mike','WR','IND','JAX'),(543,'Coutee, Keke','WR','IND','JAX'),(546,'Ehlinger, Sam','QB','IND','JAX'),(614,'Harris, De\'Michael','','IND','JAX'),(663,'Eason, Jacob','QB','IND','JAX'),(150,'Beckham, Odell','WR','2TM','Jr.'),(54,'Gordon, Melvin','RB','DEN','KAN'),(60,'Williams, Javonte','RB','DEN','KAN'),(88,'Bridgewater, Teddy','QB','DEN','KAN'),(124,'Patrick, Tim','WR','DEN','KAN'),(136,'Sutton, Courtland','WR','DEN','KAN'),(139,'Fant, Noah','TE','DEN','KAN'),(227,'Lock, Drew','QB','DEN','KAN'),(236,'Jeudy, Jerry','WR','DEN','KAN'),(251,'Okwuegbunam, Albert','TE','DEN','KAN'),(330,'Hinton, Kendall','WR','DEN','KAN'),(414,'Saubert, Eric','TE','DEN','KAN'),(447,'Hamler, KJ','WR','DEN','KAN'),(454,'Boone, Mike','RB','DEN','KAN'),(511,'Williams, Seth','WR','DEN','KAN'),(544,'Crockett, Damarea','RB','DEN','KAN'),(582,'Beck, Andrew','','DEN','KAN'),(594,'Cleveland, Tyrie','','DEN','KAN'),(609,'Fulgham, Travis','','DEN','KAN'),(640,'Rypien, Brett','QB','DEN','KAN'),(672,'Spencer, Diontae','WR','DEN','KAN'),(38,'Renfrow, Hunter','WR','LVR','LAC'),(47,'Jacobs, Josh','RB','LVR','LAC'),(80,'Carr, Derek','QB','LVR','LAC'),(170,'Waller, Darren','TE','LVR','LAC'),(176,'Edwards, Bryan','WR','LVR','LAC'),(177,'Drake, Kenyan','RB','LVR','LAC'),(198,'Ruggs, Henry','WR','LVR','LAC'),(203,'Jones, Zay','WR','LVR','LAC'),(217,'Moreau, Foster','TE','LVR','LAC'),(263,'Barber, Peyton','RB','LVR','LAC'),(379,'Ingold, Alec','RB','LVR','LAC'),(380,'Mariota, Marcus','QB','LVR','LAC'),(413,'Richard, Jalen','RB','LVR','LAC'),(529,'Ragas, Trey','RB','LVR','LAC'),(542,'Carrier, Derek','TE','LVR','LAC'),(577,'Ateman, Marcell','','LVR','LAC'),(616,'Helm, Daniel','TE','LVR','LAC'),(637,'Peterman, Nathan','QB','LVR','LAC'),(3,'Samuel, Deebo','WR','SFO','LAR'),(37,'Kittle, George','TE','SFO','LAR'),(76,'Mitchell, Elijah','RB','SFO','LAR'),(83,'Garoppolo, Jimmy','QB','SFO','LAR'),(111,'Aiyuk, Brandon','WR','SFO','LAR'),(190,'Lance, Trey','QB','SFO','LAR'),(206,'Jennings, Jauan','WR','SFO','LAR'),(246,'Wilson, Jeff','RB','SFO','LAR'),(247,'Juszczyk, Kyle','RB','SFO','LAR'),(321,'Hasty, Jamycal','RB','SFO','LAR'),(326,'Sermon, Trey','RB','SFO','LAR'),(364,'Sanu, Mohamed','WR','SFO','LAR'),(383,'Sherfield, Trent','WR','SFO','LAR'),(407,'Dwelley, Ross','TE','SFO','LAR'),(472,'Woerner, Charlie','TE','SFO','LAR'),(525,'Mostert, Raheem','RB','SFO','LAR'),(563,'Patrick, Jacques','RB','SFO','LAR'),(598,'Cracraft, River','','SFO','LAR'),(619,'Hill, Brian','','SFO','LAR'),(622,'Hudson, Tanner','','SFO','LAR'),(624,'Johnson, Kerryon','','SFO','LAR'),(629,'Matthews, Jordan','','SFO','LAR'),(668,'Benjamin, Travis','','SFO','LAR'),(5,'Ekeler, Austin','RB','LAC','LVR'),(6,'Herbert, Justin','QB','LAC','LVR'),(25,'Williams, Mike','WR','LAC','LVR'),(43,'Allen, Keenan','WR','LAC','LVR'),(155,'Cook, Jared','TE','LAC','LVR'),(188,'Guyton, Jalen','WR','LAC','LVR'),(191,'Jackson, Justin','RB','LAC','LVR'),(201,'Palmer, Josh','WR','LAC','LVR'),(269,'Parham, Donald','TE','LAC','LVR'),(334,'Anderson, Stephen','TE','LAC','LVR'),(382,'Rountree, Larry','RB','LAC','LVR'),(403,'Kelley, Joshua','RB','LAC','LVR'),(460,'Moore, Jason','WR','LAC','LVR'),(468,'McKitty, Tre\'','TE','LAC','LVR'),(497,'Hill, K.J.','WR','LAC','LVR'),(503,'Nabers, Gabe','RB','LAC','LVR'),(587,'Bradwell, Darius','','LAC','LVR'),(599,'Daniel, Chase','QB','LAC','LVR'),(607,'Ffrench, Maurice','WR','LAC','LVR'),(28,'Harris, Damien','RB','NWE','MIA'),(53,'Henry, Hunter','TE','NWE','MIA'),(71,'Bourne, Kendrick','WR','NWE','MIA'),(84,'Jones, Mac','QB','NWE','MIA'),(123,'Meyers, Jakobi','WR','NWE','MIA'),(126,'Stevenson, Rhamondre','RB','NWE','MIA'),(159,'Bolden, Brandon','RB','NWE','MIA'),(186,'Agholor, Nelson','WR','NWE','MIA'),(271,'Smith, Jonnu','TE','NWE','MIA'),(358,'White, James','RB','NWE','MIA'),(373,'Harry, N\'Keal','WR','NWE','MIA'),(377,'Wilkerson, Kristian','WR','NWE','MIA'),(384,'Taylor, J.J.','RB','NWE','MIA'),(401,'Hoyer, Brian','QB','NWE','MIA'),(482,'Johnson, Jakob','RB','NWE','MIA'),(484,'Olszewski, Gunner','WR','NWE','MIA'),(576,'Asiasi, Devin','','NWE','MIA'),(627,'LaCosse, Matt','','NWE','MIA'),(644,'Slater, Matthew','','NWE','MIA'),(58,'Mooney, Darnell','WR','CHI','MIN'),(69,'Montgomery, David','RB','CHI','MIN'),(99,'Fields, Justin','QB','CHI','MIN'),(156,'Dalton, Andy','QB','CHI','MIN'),(189,'Herbert, Khalil','RB','CHI','MIN'),(197,'Kmet, Cole','TE','CHI','MIN'),(233,'Robinson, Allen','WR','CHI','MIN'),(245,'Williams, Damien','RB','CHI','MIN'),(266,'Byrd, Damiere','WR','CHI','MIN'),(278,'Goodwin, Marquise','WR','CHI','MIN'),(279,'Graham, Jimmy','TE','CHI','MIN'),(365,'Foles, Nick','QB','CHI','MIN'),(387,'Horsted, Jesper','TE','CHI','MIN'),(402,'James, Jesse','TE','CHI','MIN'),(526,'Newsome, Dazz','WR','CHI','MIN'),(562,'Nall, Ryan','RB','CHI','MIN'),(574,'Adams, Rodney','','CHI','MIN'),(597,'Coulter, Isaiah','','CHI','MIN'),(621,'Holtz, J.P.','','CHI','MIN'),(638,'Pierce, Artavis','','CHI','MIN'),(658,'Webster, Nsimba','','CHI','MIN'),(36,'Patterson, Cordarrelle','RB','ATL','NOR'),(59,'Pitts, Kyle','TE','ATL','NOR'),(85,'Ryan, Matt','QB','ATL','NOR'),(129,'Gage, Russell','WR','ATL','NOR'),(131,'Davis, Mike','RB','ATL','NOR'),(204,'Zaccheaus, Olamide','WR','ATL','NOR'),(265,'Ridley, Calvin','WR','ATL','NOR'),(276,'Hurst, Hayden','TE','ATL','NOR'),(340,'Sharpe, Tajae','WR','ATL','NOR'),(376,'Ollison, Qadree','RB','ATL','NOR'),(397,'Smith, Lee','TE','ATL','NOR'),(437,'Smith, Keith','RB','ATL','NOR'),(481,'Hesse, Parker','TE','ATL','NOR'),(492,'Blake, Christian','WR','ATL','NOR'),(545,'Darby, Frank','WR','ATL','NOR'),(549,'Hall, Marvin','WR','ATL','NOR'),(664,'Franks, Feleipe','QB','ATL','NOR'),(671,'Rosen, Josh','QB','ATL','NOR'),(55,'Waddle, Jaylen','WR','MIA','NWE'),(74,'Gesicki, Mike','TE','MIA','NWE'),(92,'Tagovailoa, Tua','QB','MIA','NWE'),(100,'Gaskin, Myles','RB','MIA','NWE'),(180,'Brissett, Jacoby','QB','MIA','NWE'),(192,'Parker, DeVante','WR','MIA','NWE'),(215,'Johnson, Duke','RB','MIA','NWE'),(237,'Hollins, Mack','WR','MIA','NWE'),(286,'Smythe, Durham','TE','MIA','NWE'),(315,'Ford, Isaiah','WR','MIA','NWE'),(318,'Ahmed, Salvon','RB','MIA','NWE'),(341,'Wilson, Albert','WR','MIA','NWE'),(350,'Brown, Malcolm','RB','MIA','NWE'),(415,'Shaheen, Adam','TE','MIA','NWE'),(446,'Williams, Preston','WR','MIA','NWE'),(466,'Fuller, Will','WR','MIA','NWE'),(517,'Carter, Cethan','TE','MIA','NWE'),(524,'Laird, Patrick','RB','MIA','NWE'),(555,'Lewis, Tommylee','WR','MIA','NWE'),(556,'Long, Hunter','TE','MIA','NWE'),(558,'Merritt, Kirk','WR','MIA','NWE'),(641,'Scarlett, Jordan','','MIA','NWE'),(33,'Gibson, Antonio','RB','WAS','NYG'),(63,'McLaurin, Terry','WR','WAS','NYG'),(86,'Heinicke, Taylor','QB','WAS','NYG'),(153,'McKissic, J.D.','RB','WAS','NYG'),(194,'Carter, DeAndre','WR','WAS','NYG'),(241,'Patterson, Jaret','RB','WAS','NYG'),(270,'Seals-Jones, Ricky','TE','WAS','NYG'),(275,'Humphries, Adam','WR','WAS','NYG'),(287,'Thomas, Logan','TE','WAS','NYG'),(299,'Sims, Cam','WR','WAS','NYG'),(308,'Bates, John','TE','WAS','NYG'),(370,'Williams, Jonathan','RB','WAS','NYG'),(371,'Brown, Dyami','WR','WAS','NYG'),(438,'Allen, Kyle','QB','WAS','NYG'),(440,'Gilbert, Garrett','QB','WAS','NYG'),(459,'Milne, Dax','WR','WAS','NYG'),(469,'Smallwood, Wendell','RB','WAS','NYG'),(485,'Samuel, Curtis','WR','WAS','NYG'),(547,'Fitzpatrick, Ryan','QB','WAS','NYG'),(610,'Gandy-Golden, Antonio','','WAS','NYG'),(617,'Hemingway, Temarrick','','WAS','NYG'),(649,'Swoopes, Tyrone','','WAS','NYG'),(4,'Allen, Josh','QB','BUF','NYJ'),(21,'Diggs, Stefon','WR','BUF','NYJ'),(50,'Knox, Dawson','TE','BUF','NYJ'),(66,'Singletary, Devin','RB','BUF','NYJ'),(138,'Davis, Gabriel','WR','BUF','NYJ'),(143,'Sanders, Emmanuel','WR','BUF','NYJ'),(164,'Moss, Zack','RB','BUF','NYJ'),(171,'Beasley, Cole','WR','BUF','NYJ'),(283,'Breida, Matt','RB','BUF','NYJ'),(302,'McKenzie, Isaiah','WR','BUF','NYJ'),(428,'Sweeney, Tommy','TE','BUF','NYJ'),(445,'Trubisky, Mitchell','QB','BUF','NYJ'),(495,'Gilliam, Reggie','RB','BUF','NYJ'),(502,'Kumerow, Jake','WR','BUF','NYJ'),(626,'Jones, Taiwan','','BUF','NYJ'),(657,'Webb, Davis','QB','BUF','NYJ'),(22,'Elliott, Ezekiel','RB','DAL','PHI'),(23,'Prescott, Dak','QB','DAL','PHI'),(35,'Schultz, Dalton','TE','DAL','PHI'),(39,'Lamb, CeeDee','WR','DAL','PHI'),(65,'Cooper, Amari','WR','DAL','PHI'),(75,'Ralston, Nick','','DAL','PHI'),(102,'Pollard, Tony','RB','DAL','PHI'),(125,'Wilson, Cedrick','WR','DAL','PHI'),(208,'Gallup, Michael','WR','DAL','PHI'),(304,'Turner, Malik','WR','DAL','PHI'),(331,'Rush, Cooper','QB','DAL','PHI'),(335,'Clement, Corey','RB','DAL','PHI'),(344,'Jarwin, Blake','TE','DAL','PHI'),(360,'Brown, Noah','WR','DAL','PHI'),(432,'Hardy, JaQuan','RB','DAL','PHI'),(435,'McKeon, Sean','TE','DAL','PHI'),(463,'Smith, Ito','RB','DAL','PHI'),(507,'Sprinkle, Jeremy','TE','DAL','PHI'),(590,'Burton, Deante','','DAL','PHI'),(606,'Fehoko, Simi','','DAL','PHI'),(8,'Andrews, Mark','TE','BAL','PIT'),(64,'Brown, Marquise','WR','BAL','PIT'),(82,'Jackson, Lamar','QB','BAL','PIT'),(112,'Freeman, Devonta','RB','BAL','PIT'),(133,'Murray, Latavius','RB','BAL','PIT'),(160,'Huntley, Tyler','QB','BAL','PIT'),(205,'Bateman, Rashod','WR','BAL','PIT'),(229,'Duvernay, Devin','WR','BAL','PIT'),(254,'Watkins, Sammy','WR','BAL','PIT'),(306,'Williams, Ty\'Son','RB','BAL','PIT'),(353,'Proche, James','WR','BAL','PIT'),(395,'Ricard*, Patrick','RB','BAL','PIT'),(448,'Oliver, Josh','TE','BAL','PIT'),(534,'Wallace, Tylan','WR','BAL','PIT'),(540,'Boykin, Miles','WR','BAL','PIT'),(569,'Tomlinson, Eric','TE','BAL','PIT'),(586,'Boyle, Nick','TE','BAL','PIT'),(630,'McCrary, Nate','RB','BAL','PIT'),(16,'Conner, James','RB','ARI','SEA'),(40,'Murray, Kyler','QB','ARI','SEA'),(68,'Kirk, Christian','WR','ARI','SEA'),(119,'Hopkins, DeAndre','WR','ARI','SEA'),(121,'Green, A.J.','WR','ARI','SEA'),(127,'Edmonds, Chase','RB','ARI','SEA'),(216,'Moore, Rondale','WR','ARI','SEA'),(262,'McCoy, Colt','QB','ARI','SEA'),(273,'Wesley, Antoine','WR','ARI','SEA'),(327,'Williams, Maxx','TE','ARI','SEA'),(342,'Benjamin, Eno','RB','ARI','SEA'),(451,'Ward, Jonathan','RB','ARI','SEA'),(478,'Dortch, Greg','WR','ARI','SEA'),(533,'Streveler, Chris','QB','ARI','SEA'),(550,'Harris, Demetrius','TE','ARI','SEA'),(553,'Isabella, Andy','WR','ARI','SEA'),(600,'Daniels, Darrell','TE','ARI','SEA'),(659,'Wells, David','','ARI','SEA'),(2,'Kupp, Cooper','WR','LAR','SFO'),(20,'Stafford, Matthew','QB','LAR','SFO'),(98,'Henderson, Darrell','RB','LAR','SFO'),(101,'Michel, Sony','RB','LAR','SFO'),(107,'Jefferson, Van','WR','LAR','SFO'),(137,'Woods, Robert','WR','LAR','SFO'),(147,'Higbee, Tyler','TE','LAR','SFO'),(396,'Skowronek, Ben','WR','LAR','SFO'),(461,'Powell, Brandon','','LAR','SFO'),(475,'Blanton, Kendall','TE','LAR','SFO'),(537,'Akers, Cam','RB','LAR','SFO'),(548,'Funk, Jake','K','LAR','SFO'),(551,'Hopkins, Brycen','TE','LAR','SFO'),(552,'Howell, Buddy','RB','LAR','SFO'),(561,'Mundt, Johnny','TE','LAR','SFO'),(578,'Atwell, Tutu','','LAR','SFO'),(615,'Harris, Jacob','','LAR','SFO'),(635,'Orzech, Matthew','','LAR','SFO'),(670,'Wolford, John','QB','LAR','SFO'),(51,'Moore, D.J.','WR','CAR','TAM'),(94,'Darnold, Sam','QB','CAR','TAM'),(113,'Hubbard, Chuba','RB','CAR','TAM'),(140,'McCaffrey, Christian','RB','CAR','TAM'),(146,'Anderson, Robby','WR','CAR','TAM'),(148,'Newton, Cam','QB','CAR','TAM'),(303,'Tremble, Tommy','TE','CAR','TAM'),(310,'Zylstra, Brandon','WR','CAR','TAM'),(356,'Thomas, Ian','TE','CAR','TAM'),(375,'Marshall, Terrace','WR','CAR','TAM'),(390,'Walker, P.J.','QB','CAR','TAM'),(427,'Smith, Shi','WR','CAR','TAM'),(456,'Erickson, Alex','WR','CAR','TAM'),(470,'Smith, Rodney','RB','CAR','TAM'),(515,'Bonnafon, Reggie','RB','CAR','TAM'),(523,'Kirkwood, Keith','WR','CAR','TAM'),(567,'Saunders, C.J.','WR','CAR','TAM'),(595,'Cole, Matt','','CAR','TAM'),(639,'Ricci, Giovanni','','CAR','TAM'),(648,'Sullivan, Stephen','','CAR','TAM'),(650,'Thompson, Colin','','CAR','TAM'),(56,'Cooks, Brandin','WR','HOU','TEN'),(95,'Mills, Davis','QB','HOU','TEN'),(165,'Taylor, Tyrod','QB','HOU','TEN'),(168,'Burkhead, Rex','RB','HOU','TEN'),(225,'Collins, Nico','WR','HOU','TEN'),(231,'Johnson, David','RB','HOU','TEN'),(242,'Amendola, Danny','WR','HOU','TEN'),(250,'Conley, Chris','WR','HOU','TEN'),(285,'Jordan, Brevin','TE','HOU','TEN'),(291,'Moore, Chris','WR','HOU','TEN'),(359,'Akins, Jordan','TE','HOU','TEN'),(378,'Brown, Pharaoh','TE','HOU','TEN'),(405,'Auclair, Antony','TE','HOU','TEN'),(518,'Davis, Davion','WR','HOU','TEN'),(527,'Phillips, Scottie','RB','HOU','TEN'),(530,'Samuels, Jaylen','RB','HOU','TEN'),(603,'Driskel, Jeff','','HOU','TEN'),(654,'Veasy, Jordan','','HOU','TEN'),(93,'Jones, Daniel','QB','NYG','WAS'),(115,'Barkley, Saquon','RB','NYG','WAS'),(120,'Booker, Devontae','RB','NYG','WAS'),(207,'Engram, Evan','TE','NYG','WAS'),(222,'Golladay, Kenny','WR','NYG','WAS'),(252,'Slayton, Darius','WR','NYG','WAS'),(253,'Toney, Kadarius','WR','NYG','WAS'),(256,'Shepard, Sterling','WR','NYG','WAS'),(298,'Rudolph, Kyle','TE','NYG','WAS'),(309,'Glennon, Mike','QB','NYG','WAS'),(311,'Ross, John','WR','NYG','WAS'),(323,'Penny, Elijhaa','RB','NYG','WAS'),(381,'Pettis, Dante','WR','NYG','WAS'),(409,'Fromm, Jake','QB','NYG','WAS'),(411,'Johnson, Collin','WR','NYG','WAS'),(442,'Myarick, Chris','TE','NYG','WAS'),(453,'Board, C.J.','WR','NYG','WAS'),(476,'Cooper, Pharoh','WR','NYG','WAS'),(506,'Smith, Kaden','TE','NYG','WAS'),(531,'Sills, David','WR','NYG','WAS'),(541,'Brightwell, Gary','RB','NYG','WAS'),(579,'Bachman, Alex','WR','NYG','WAS'),(611,'Gillaspia, Cullen','','NYG','WAS'),(647,'Solder, Nate','','NYG','WAS');
/*!40000 ALTER TABLE `player` ENABLE KEYS */;
UNLOCK TABLES;

--
-- Table structure for table `player_stats`
--

DROP TABLE IF EXISTS `player_stats`;
/*!40101 SET @saved_cs_client     = @@character_set_client */;
/*!50503 SET character_set_client = utf8mb4 */;
CREATE TABLE `player_stats` (
  `games` int DEFAULT NULL,
  `team_playing` char(3) NOT NULL,
  `player_rank` int DEFAULT '0',
  `identNum` int NOT NULL,
  PRIMARY KEY (`identNum`),
  UNIQUE KEY `identNum_UNIQUE` (`identNum`),
  CONSTRAINT `fk_player_stats` FOREIGN KEY (`identNum`) REFERENCES `player` (`identNum`)
) ENGINE=InnoDB DEFAULT CHARSET=latin1;
/*!40101 SET character_set_client = @saved_cs_client */;

--
-- Dumping data for table `player_stats`
--

LOCK TABLES `player_stats` WRITE;
/*!40000 ALTER TABLE `player_stats` DISABLE KEYS */;
INSERT INTO `player_stats` VALUES (17,'JAX',1,1),(17,'SFO',1,2),(16,'LAR',2,3),(17,'NYJ',1,4),(16,'LVR',2,5),(17,'LVR',2,6),(17,'CAR',3,7),(17,'PIT',1,8),(17,'CLE',3,9),(17,'CHI',4,10),(16,'CLE',3,11),(16,'DET',5,12),(17,'DEN',4,13),(17,'BAL',4,14),(16,'DEN',2,15),(15,'SEA',5,16),(16,'CAR',6,17),(16,'DET',5,18),(17,'DEN',7,19),(17,'SFO',6,20),(17,'NYJ',8,21),(17,'PHI',6,22),(16,'PHI',7,23),(14,'CIN',7,24),(16,'LVR',9,25),(17,'ARI',10,26),(16,'ARI',11,27),(15,'MIA',8,28),(16,'CLE',8,29),(16,'BAL',12,30),(15,'DAL',9,31),(13,'ATL',9,32),(16,'NYG',10,33),(14,'CAR',11,34),(17,'PHI',3,35),(16,'NOR',12,36),(14,'LAR',4,37),(17,'LAC',13,38),(16,'PHI',14,39),(14,'SEA',10,40),(16,'CHI',11,41),(15,'DET',13,42),(16,'LVR',15,43),(8,'HOU',14,44),(17,'JAX',16,45),(13,'CHI',15,46),(15,'LAC',16,47),(12,'CAR',5,48),(14,'CLE',17,49),(15,'NYJ',6,50),(17,'TAM',18,51),(14,'CAR',19,52),(17,'MIA',7,53),(16,'KAN',17,54),(16,'NWE',21,55),(16,'TEN',20,56),(15,'DAL',8,57),(17,'MIN',22,58),(17,'NOR',9,59),(17,'KAN',18,60),(17,'GNB',23,61),(17,'',10,62),(17,'NYG',24,63),(16,'PIT',25,64),(15,'PHI',26,65),(17,'NYJ',19,66),(13,'CHI',27,67),(17,'SEA',28,68),(13,'MIN',20,69),(17,'DET',21,70),(17,'MIA',29,71),(17,'DEN',22,72),(13,'GNB',23,73),(17,'NWE',11,74),(4,'PHI',2,75),(11,'LAR',24,76),(8,'HOU',1,77),(17,'HOU',12,78),(17,'JAX',13,79),(17,'LAC',14,80),(14,'ARI',15,81),(12,'PIT',16,82),(15,'LAR',17,83),(17,'MIA',18,84),(17,'NOR',19,85),(16,'NYG',20,86),(16,'BAL',21,87),(14,'KAN',22,88),(17,'IND',23,89),(14,'GNB',24,90),(14,'CIN',26,91),(13,'NWE',25,92),(11,'WAS',27,93),(12,'TAM',28,94),(13,'TEN',29,95),(13,'BUF',30,96),(14,'IND',25,97),(12,'SFO',26,98),(12,'MIN',31,99),(17,'NWE',28,100),(17,'SFO',27,101),(15,'PHI',29,102),(17,'DAL',30,103),(13,'HOU',32,104),(14,'BUF',30,105),(12,'ATL',32,106),(17,'SFO',31,107),(16,'CLE',33,108),(7,'ATL',33,109),(10,'ARI',31,110),(17,'LAR',34,111),(16,'PIT',32,112),(17,'TAM',33,113),(17,'CHI',35,114),(13,'WAS',34,115),(15,'BAL',36,116),(17,'IND',37,117),(17,'ATL',38,118),(10,'SEA',39,119),(16,'WAS',35,120),(16,'SEA',43,121),(15,'DET',44,122),(17,'MIA',41,123),(16,'KAN',40,124),(16,'PHI',42,125),(12,'MIA',36,126),(12,'SEA',37,127),(10,'DEN',38,128),(14,'NOR',45,129),(11,'BUF',46,130),(17,'NOR',39,131),(16,'CHI',40,132),(14,'PIT',42,133),(13,'GNB',41,134),(16,'BAL',12,135),(17,'KAN',47,136),(9,'SFO',48,137),(16,'NYJ',49,138),(16,'KAN',13,139),(7,'TAM',44,140),(12,'DAL',43,141),(16,'DAL',45,142),(14,'NYJ',50,143),(6,'ATL',34,144),(8,'CIN',46,145),(17,'TAM',51,146),(15,'SFO',14,147),(8,'TAM',35,148),(16,'DAL',47,149),(14,'Jr.',52,150),(9,'HOU',49,151),(17,'CIN',48,152),(11,'NYG',50,153),(17,'DEN',53,154),(16,'LVR',15,155),(8,'MIN',36,156),(12,'GNB',16,157),(16,'GNB',54,158),(17,'MIA',51,159),(7,'PIT',37,160),(16,'BUF',52,161),(17,'DEN',55,162),(14,'',54,163),(13,'NYJ',53,164),(6,'TEN',38,165),(12,'CIN',56,166),(7,'CAR',57,167),(16,'TEN',55,168),(16,'CLE',17,169),(11,'LAC',18,170),(16,'NYJ',58,171),(17,'CHI',19,172),(13,'ATL',59,173),(14,'CIN',60,174),(16,'BUF',61,175),(16,'LAC',62,176),(12,'LAC',57,177),(17,'JAX',56,178),(17,'DAL',63,179),(11,'NWE',39,180),(16,'CIN',20,181),(9,'BUF',64,182),(15,'ARI',21,183),(16,'HOU',65,184),(16,'CAR',58,185),(15,'MIA',66,186),(12,'DET',68,187),(16,'LVR',67,188),(17,'MIN',59,189),(6,'LAR',40,190),(14,'LVR',60,191),(10,'NWE',70,192),(16,'IND',69,193),(17,'NYG',71,194),(17,'ARI',72,195),(7,'DAL',61,196),(17,'MIN',22,197),(7,'LAC',74,198),(11,'DET',73,199),(11,'ARI',62,200),(17,'LVR',75,201),(12,'BUF',78,202),(17,'LAC',76,203),(17,'NOR',77,204),(12,'PIT',80,205),(16,'LAR',79,206),(15,'WAS',23,207),(9,'PHI',81,208),(16,'JAX',82,209),(17,'JAX',24,210),(16,'',83,211),(16,'CLE',63,212),(11,'ATL',84,213),(16,'CIN',26,214),(5,'NWE',64,215),(14,'SEA',85,216),(17,'LAC',25,217),(8,'HOU',65,218),(4,'ARI',41,219),(17,'',66,220),(10,'IND',87,221),(14,'WAS',86,222),(12,'',88,223),(15,'BUF',90,224),(14,'TEN',91,225),(10,'JAX',89,226),(6,'KAN',42,227),(17,'JAX',27,228),(16,'PIT',92,229),(17,'CAR',28,230),(13,'TEN',67,231),(10,'HOU',93,232),(12,'MIN',95,233),(12,'IND',94,234),(11,'DEN',68,235),(10,'KAN',96,236),(17,'NWE',97,237),(14,'ARI',70,238),(4,'',43,239),(14,'HOU',71,240),(17,'NYG',69,241),(8,'TEN',99,242),(15,'HOU',29,243),(17,'DAL',98,244),(12,'MIN',72,245),(9,'LAR',73,246),(17,'LAR',74,247),(17,'DEN',100,248),(4,'BUF',44,249),(16,'TEN',103,250),(14,'KAN',30,251),(13,'WAS',104,252),(10,'WAS',102,253),(13,'PIT',101,254),(4,'ARI',75,255),(7,'WAS',106,256),(15,'BAL',105,257),(11,'',32,258),(16,'CIN',31,259),(11,'BUF',77,260),(14,'',76,261),(8,'SEA',45,262),(10,'LAC',78,263),(14,'ATL',33,264),(5,'NOR',107,265),(17,'MIN',108,266),(17,'ARI',79,267),(17,'JAX',110,268),(14,'LVR',36,269),(13,'NYG',35,270),(16,'MIA',34,271),(16,'HOU',37,272),(15,'SEA',109,273),(14,'BUF',38,274),(17,'NYG',111,275),(13,'NOR',39,276),(16,'DET',41,277),(14,'MIN',112,278),(15,'MIN',40,279),(10,'ATL',113,280),(17,'IND',80,281),(12,'CAR',81,282),(9,'NYJ',82,283),(17,'CAR',114,284),(9,'TEN',44,285),(17,'NWE',43,286),(6,'NYG',45,287),(13,'ATL',42,288),(14,'CLE',83,289),(5,'CAR',117,290),(12,'TEN',116,291),(16,'HOU',46,292),(16,'HOU',115,293),(5,'GNB',118,294),(15,'CIN',120,295),(12,'IND',84,296),(4,'DAL',46,297),(16,'WAS',47,298),(14,'NYG',119,299),(8,'',85,300),(16,'CIN',88,301),(15,'NYJ',122,302),(16,'TAM',48,303),(14,'PHI',121,304),(12,'CAR',87,305),(13,'PIT',86,306),(8,'DET',49,307),(17,'NYG',50,308),(6,'WAS',47,309),(13,'TAM',123,310),(10,'WAS',124,311),(15,'ARI',51,312),(15,'',125,313),(7,'CIN',48,314),(13,'NWE',126,315),(5,'GNB',89,316),(17,'DAL',127,317),(12,'NWE',91,318),(13,'IND',128,319),(4,'IND',129,320),(11,'LAR',92,321),(16,'BAL',130,322),(17,'WAS',90,323),(7,'IND',52,324),(15,'',94,325),(9,'LAR',93,326),(5,'SEA',53,327),(5,'GNB',49,328),(2,'BUF',51,329),(16,'KAN',132,330),(5,'PHI',50,331),(8,'CHI',131,332),(10,'GNB',54,333),(17,'LVR',56,334),(17,'PHI',95,335),(9,'BUF',55,336),(13,'DEN',96,337),(4,'',97,338),(14,'CIN',133,339),(15,'NOR',134,340),(14,'NWE',135,341),(9,'SEA',98,342),(6,'JAX',137,343),(8,'PHI',57,344),(7,'GNB',99,345),(6,'CAR',136,346),(8,'BAL',59,347),(17,'DET',58,348),(6,'DET',52,349),(7,'NWE',101,350),(17,'CAR',60,351),(17,'GNB',100,352),(14,'PIT',138,353),(5,'BAL',139,354),(11,'CHI',103,355),(17,'TAM',62,356),(7,'ATL',61,357),(3,'MIA',102,358),(13,'TEN',63,359),(13,'PHI',140,360),(10,'ARI',141,361),(16,'GNB',142,362),(2,'BAL',53,363),(8,'LAR',143,364),(1,'MIN',54,365),(6,'DEN',64,366),(17,'BAL',65,367),(11,'ATL',104,368),(4,'BUF',105,369),(5,'NYG',106,370),(15,'NYG',146,371),(17,'CHI',107,372),(12,'MIA',144,373),(7,'HOU',147,374),(13,'TAM',148,375),(8,'NOR',108,376),(3,'MIA',145,377),(15,'TEN',66,378),(9,'LAC',110,379),(10,'LAC',55,380),(3,'WAS',149,381),(12,'LVR',111,382),(17,'LAR',150,383),(5,'MIA',112,384),(9,'DET',109,385),(6,'CLE',56,386),(7,'MIN',67,387),(9,'CAR',151,388),(14,'ATL',152,389),(5,'TAM',57,390),(8,'',114,391),(17,'IND',68,392),(1,'CHI',58,393),(11,'BUF',153,394),(13,'PIT',113,395),(14,'SFO',154,396),(16,'NOR',69,397),(13,'ATL',155,398),(16,'DEN',116,399),(7,'IND',71,400),(5,'MIA',59,401),(14,'MIN',70,402),(10,'LVR',115,403),(12,'GNB',156,404),(16,'TEN',74,405),(6,'',159,406),(17,'LAR',72,407),(4,'HOU',160,408),(3,'WAS',60,409),(17,'JAX',76,410),(12,'WAS',161,411),(6,'JAX',119,412),(10,'LAC',117,413),(17,'KAN',75,414),(12,'NWE',73,415),(12,'BUF',157,416),(17,'BAL',118,417),(13,'DET',158,418),(2,'IND',121,419),(16,'DEN',79,420),(8,'GNB',162,421),(14,'GNB',120,422),(16,'DEN',80,423),(16,'CHI',78,424),(5,'ATL',163,425),(1,'CIN',61,426),(6,'TAM',164,427),(13,'NYJ',77,428),(7,'CLE',165,429),(4,'HOU',167,430),(12,'DEN',166,431),(3,'PHI',123,432),(9,'JAX',122,433),(13,'CIN',124,434),(9,'PHI',81,435),(3,'',168,436),(17,'NOR',125,437),(2,'NYG',63,438),(11,'',126,439),(1,'NYG',64,440),(9,'DAL',82,441),(8,'WAS',84,442),(8,'JAX',169,443),(17,'CLE',83,444),(6,'NYJ',62,445),(8,'NWE',170,446),(3,'KAN',171,447),(14,'PIT',85,448),(16,'',172,449),(4,'CIN',127,450),(13,'SEA',128,451),(15,'CHI',173,452),(6,'WAS',178,453),(8,'KAN',130,454),(5,'CIN',174,455),(17,'TAM',181,456),(15,'IND',86,457),(17,'ARI',177,458),(13,'NYG',175,459),(2,'LVR',179,460),(6,'SFO',176,461),(16,'DET',180,462),(1,'PHI',129,463),(5,'CLE',131,464),(9,'CAR',182,465),(2,'NWE',184,466),(1,'DAL',132,467),(11,'LVR',88,468),(3,'NYG',134,469),(2,'TAM',133,470),(12,'CLE',183,471),(17,'LAR',87,472),(16,'DAL',192,473),(17,'BAL',135,474),(11,'SFO',92,475),(8,'WAS',193,476),(14,'DET',94,477),(5,'SEA',187,478),(9,'',89,479),(13,'ATL',91,480),(8,'NOR',90,481),(17,'MIA',136,482),(3,'BUF',194,483),(16,'MIA',186,484),(5,'NYG',188,485),(9,'',189,486),(4,'CLE',185,487),(12,'BUF',95,488),(6,'ATL',190,489),(7,'DET',191,490),(9,'BUF',93,491),(16,'NOR',203,492),(12,'BUF',200,493),(10,'DET',96,494),(16,'NYJ',140,495),(4,'DEN',65,496),(6,'LVR',199,497),(8,'DET',138,498),(3,'HOU',197,499),(5,'HOU',100,500),(7,'CLE',195,501),(15,'NYJ',201,502),(10,'LVR',141,503),(14,'ARI',98,504),(4,'BUF',137,505),(9,'WAS',99,506),(17,'PHI',101,507),(6,'JAX',202,508),(14,'ATL',139,509),(15,'BAL',198,510),(2,'KAN',196,511),(4,'GNB',97,512),(9,'BUF',146,513),(2,'IND',69,514),(4,'TAM',149,515),(1,'ATL',67,516),(16,'NWE',103,517),(2,'TEN',207,518),(1,'HOU',148,519),(6,'CAR',68,520),(10,'',210,521),(16,'DEN',204,522),(3,'TAM',208,523),(6,'NWE',144,524),(1,'LAR',147,525),(3,'MIN',205,526),(3,'TEN',143,527),(7,'ATL',145,528),(1,'LAC',151,529),(3,'TEN',142,530),(4,'WAS',209,531),(16,'DAL',102,532),(2,'SEA',66,533),(17,'PIT',206,534),(17,'BAL',150,535),(15,'CLE',104,536),(1,'SFO',153,537),(1,'BUF',217,538),(1,'GNB',72,539),(8,'PIT',221,540),(13,'WAS',158,541),(5,'LAC',105,542),(2,'JAX',222,543),(12,'KAN',160,544),(10,'NOR',211,545),(3,'JAX',70,546),(1,'NYG',71,547),(10,'SFO',161,548),(2,'NOR',218,549),(14,'SEA',108,550),(5,'SFO',109,551),(10,'SFO',156,552),(8,'SEA',214,553),(4,'CIN',154,554),(2,'NWE',220,555),(7,'NWE',111,556),(2,'BAL',152,557),(2,'NWE',215,558),(11,'',219,559),(17,'CLE',212,560),(6,'SFO',110,561),(9,'MIN',159,562),(2,'LAR',155,563),(6,'BAL',112,564),(3,'DAL',107,565),(7,'',157,566),(2,'TAM',216,567),(12,'CHI',106,568),(17,'PIT',114,569),(1,'GNB',213,570),(3,'ATL',223,571),(2,'ATL',113,572),(1,'BUF',165,573),(1,'MIN',225,574),(3,'GNB',226,575),(1,'MIA',116,576),(1,'LAC',227,577),(8,'SFO',228,578),(3,'WAS',257,579),(1,'CHI',166,580),(3,'CAR',167,581),(12,'KAN',117,582),(17,'ARI',162,583),(1,'DET',78,584),(5,'GNB',118,585),(5,'PIT',115,586),(2,'LVR',168,587),(4,'',229,588),(0,'CAR',229,589),(1,'PHI',230,590),(1,'CIN',231,591),(2,'CIN',119,592),(11,'CHI',232,593),(7,'KAN',233,594),(1,'TAM',234,595),(4,'IND',164,596),(3,'MIN',235,597),(6,'LAR',236,598),(1,'LVR',79,599),(15,'SEA',120,600),(1,'CIN',121,601),(1,'CHI',122,602),(1,'TEN',75,603),(2,'BAL',169,604),(5,'CHI',123,605),(5,'PHI',237,606),(3,'LVR',224,607),(2,'DEN',238,608),(1,'KAN',239,609),(4,'NYG',240,610),(15,'WAS',170,611),(16,'BUF',241,612),(17,'CLE',124,613),(3,'JAX',242,614),(9,'SFO',125,615),(9,'LAC',144,616),(2,'NYG',126,617),(1,'DAL',244,618),(3,'LAR',171,619),(1,'HOU',76,620),(13,'MIN',127,621),(2,'LAR',128,622),(1,'HOU',129,623),(1,'LAR',172,624),(0,'DAL',262,625),(17,'NYJ',173,626),(1,'MIA',130,627),(6,'ARI',131,628),(1,'LAR',245,629),(1,'PIT',177,630),(2,'CAR',246,631),(1,'CHI',73,632),(3,'',247,633),(3,'CIN',248,634),(17,'SFO',132,635),(3,'',163,636),(1,'LAC',74,637),(1,'MIN',174,638),(16,'TAM',133,639),(1,'KAN',77,640),(1,'NWE',175,641),(1,'CLE',134,642),(1,'BAL',249,643),(17,'MIA',250,644),(4,'IND',251,645),(2,'BUF',252,646),(16,'WAS',135,647),(3,'TAM',136,648),(1,'NYG',137,649),(11,'TAM',138,650),(5,'ARI',253,651),(1,'DAL',139,652),(4,'',140,653),(2,'TEN',254,654),(2,'',141,655),(1,'CAR',255,656),(1,'NYJ',80,657),(6,'MIN',256,658),(3,'SEA',142,659),(5,'',176,660),(5,'CAR',143,661),(11,'HOU',178,662),(1,'JAX',82,663),(9,'NOR',83,664),(9,'HOU',259,665),(10,'DET',258,666),(5,'HOU',81,667),(10,'LAR',260,668),(12,'',179,669),(3,'SFO',84,670),(4,'NOR',85,671),(15,'KAN',261,672);
/*!40000 ALTER TABLE `player_stats` ENABLE KEYS */;
UNLOCK TABLES;

--
-- Table structure for table `qb_stats`
--

DROP TABLE IF EXISTS `qb_stats`;
/*!40101 SET @saved_cs_client     = @@character_set_client */;
/*!50503 SET character_set_client = utf8mb4 */;
CREATE TABLE `qb_stats` (
  `QB_rating` float NOT NULL,
  `qb_yards_comp` float NOT NULL,
  `qb_yards_gm` float NOT NULL,
  `qb_tds` int NOT NULL,
  `qb_int` int NOT NULL,
  `qb_rush` int NOT NULL,
  `qb_yards_rush` float NOT NULL,
  `qb_rush_yards` int NOT NULL,
  `identNum` int NOT NULL,
  `player_rank` int NOT NULL,
  PRIMARY KEY (`identNum`),
  UNIQUE KEY `identNum_UNIQUE` (`identNum`),
  CONSTRAINT `fk_qb_stats` FOREIGN KEY (`identNum`) REFERENCES `player_stats` (`identNum`)
) ENGINE=InnoDB DEFAULT CHARSET=latin1;
/*!40101 SET character_set_client = @saved_cs_client */;

--
-- Dumping data for table `qb_stats`
--

LOCK TABLES `qb_stats` WRITE;
/*!40000 ALTER TABLE `qb_stats` DISABLE KEYS */;
INSERT INTO `qb_stats` VALUES (60.7,10.775,259.235,36,15,122,6.254,763,4,1),(65.6,11.318,294.941,38,15,63,4.794,302,6,2),(68.1,10.961,312.706,43,12,28,2.893,81,7,3),(62.2,11.099,284.647,37,13,66,5.773,381,13,4),(69.1,11.243,257.188,37,4,33,3.061,101,18,7),(63.8,12.094,287.412,41,17,32,1.344,43,20,6),(54.6,10.851,278.063,37,10,48,3.042,146,23,9),(54.3,12.598,288.188,34,14,40,2.95,118,29,5),(48.5,11.864,209.6,16,9,140,5.6,784,31,8),(57.3,11.393,271,24,10,88,4.807,423,40,10),(52.3,11.347,263.813,33,7,28,4.107,115,41,11),(55.9,10.459,219.647,21,14,55,4.909,270,78,13),(54.7,11.065,209.588,27,7,57,3.772,215,79,15),(52.4,11.224,282.588,23,14,40,2.7,108,80,12),(54.7,12.019,222.357,25,6,41,4.537,186,81,19),(50.7,11.715,240.167,16,13,133,5.767,767,82,14),(53.3,12.645,253.733,20,12,38,1.342,51,83,18),(50.9,10.798,223.588,22,13,44,2.932,129,84,17),(46.1,10.581,233.412,20,12,40,2.05,82,85,20),(35.6,9.59,233.75,22,10,20,0.25,5,87,21),(47.4,10.709,218,18,7,30,3.533,106,88,22),(33.5,10.142,214.176,12,17,73,4.575,334,89,23),(39.5,9.774,231.786,19,8,17,5.118,87,90,25),(35.1,11.897,215,17,13,37,3.622,134,91,24),(49.7,10.087,204.077,16,10,41,3.122,128,92,26),(41.5,10.466,220.727,10,7,62,4.806,298,93,27),(33.2,10.399,210.583,9,13,49,4.388,215,94,28),(35.5,10.129,204.923,16,10,18,2.444,44,95,30),(28.2,10.958,179.538,9,11,28,6.714,188,96,29),(26.4,11.761,155.833,7,10,72,5.833,420,99,31),(42.5,12.538,81.5,4,5,70,5.343,374,106,33),(64.4,12.316,167.143,14,3,32,5.188,166,109,32),(35.5,10.685,192.333,11,3,9,2.222,20,144,36),(25.5,9.913,85.5,4,5,47,4.894,230,148,34),(33.6,10.168,189.375,8,9,16,4.75,76,156,39),(40.4,10.615,161,5,5,19,7.947,151,165,35),(48.2,9.099,128.3,5,4,19,3.684,70,180,38),(33.4,14.707,100.5,5,2,39,4.308,168,190,40),(45.8,10.8,175.5,5,1,9,4.667,42,219,41),(51.7,11.193,212.667,5,2,9,3.111,28,239,43),(50.5,10.83,238.25,5,8,5,-0.2,-1,249,42),(54.5,10,105.714,3,1,22,1.682,37,262,44),(49.7,8.778,131.667,4,10,7,4.714,33,309,45),(36.9,9.83,66,3,1,12,1.833,22,314,54),(41.8,14.067,84.4,3,1,9,-0.889,-8,331,48),(31.4,11.417,68.5,2,3,12,2.25,27,349,55),(39.5,7.914,138.5,1,1,5,10.6,53,363,50),(97.4,25.222,45.4,1,0,11,-0.727,-8,401,58),(73.2,7.167,7.167,0,1,13,1.846,24,445,60);
/*!40000 ALTER TABLE `qb_stats` ENABLE KEYS */;
UNLOCK TABLES;

--
-- Table structure for table `team`
--

DROP TABLE IF EXISTS `team`;
/*!40101 SET @saved_cs_client     = @@character_set_client */;
/*!50503 SET character_set_client = utf8mb4 */;
CREATE TABLE `team` (
  `conference` char(3) NOT NULL,
  `division` char(5) NOT NULL,
  `team` char(3) NOT NULL,
  PRIMARY KEY (`team`),
  CONSTRAINT `fk_team` FOREIGN KEY (`team`) REFERENCES `player` (`team`)
) ENGINE=InnoDB DEFAULT CHARSET=latin1;
/*!40101 SET character_set_client = @saved_cs_client */;

--
-- Dumping data for table `team`
--

LOCK TABLES `team` WRITE;
/*!40000 ALTER TABLE `team` DISABLE KEYS */;
INSERT INTO `team` VALUES ('NFC','West','ARI'),('NFC','South','ATL'),('AFC','North','BAL'),('AFC','East','BUF'),('NFC','South','CAR'),('NFC','North','CHI'),('AFC','North','CIN'),('AFC','North','CLE'),('NFC','East','DAL'),('AFC','West','DEN'),('NFC','North','DET'),('NFC','North','GNB'),('AFC','South','HOU'),('AFC','South','IND'),('AFC','South','JAX'),('AFC','West','KAN'),('AFC','West','LAC'),('NFC','West','LAR'),('AFC','West','LVR'),('AFC','East','MIA'),('NFC','North','MIN'),('NFC','South','NOR'),('AFC','East','NWE'),('NFC','East','NYG'),('AFC','East','NYJ'),('NFC','East','PHI'),('AFC','North','PIT'),('NFC','West','SEA'),('NFC','West','SFO'),('NFC','South','TAM'),('AFC','South','TEN'),('NFC','East','WAS');
/*!40000 ALTER TABLE `team` ENABLE KEYS */;
UNLOCK TABLES;
/*!40103 SET TIME_ZONE=@OLD_TIME_ZONE */;

/*!40101 SET SQL_MODE=@OLD_SQL_MODE */;
/*!40014 SET FOREIGN_KEY_CHECKS=@OLD_FOREIGN_KEY_CHECKS */;
/*!40014 SET UNIQUE_CHECKS=@OLD_UNIQUE_CHECKS */;
/*!40101 SET CHARACTER_SET_CLIENT=@OLD_CHARACTER_SET_CLIENT */;
/*!40101 SET CHARACTER_SET_RESULTS=@OLD_CHARACTER_SET_RESULTS */;
/*!40101 SET COLLATION_CONNECTION=@OLD_COLLATION_CONNECTION */;
/*!40111 SET SQL_NOTES=@OLD_SQL_NOTES */;

-- Dump completed on 2022-05-07 12:35:34
